,rule,makespan,duration
0,MOPNR_EET,58.637985,1.6809628009796143
1,MOPNR_SPT,69.19902,1.705183982849121
2,MWRM_EET,50.41801,1.6969764232635498
3,MWRM_SPT,73.811966,1.671628475189209
4,LWRM_EET,50.982998,1.6580750942230225
5,LWRM_SPT,70.13696,1.6317613124847412
6,FIFO_EET,46.484997,1.6780989170074463
7,FIFO_SPT,63.324997,1.6114013195037842
